exhibitor,instagram,existing_page,needs_page,sources
11 Yard Line Collectors,,,YES,sponsor
313 Cards,,,YES,registrant
614Sneaker,614Rips,614-rips,,registrant|sponsor|page
A.N. Premium Concessions,,a-n-premium-concessions,,registrant|page
ABC Vintage,,abc-vintage,,sponsor|page
AJSCardz,,,YES,registrant
All in Sports Card,,all-in-sports-card,,registrant|page
Atomic TCG,,atomic-tcg,,sponsor|page
Backyard Cards MI,Backyardcardsmi,backyard-cards-mi,,registrant|sponsor|page
Bad Boyz Collectibles,BadBoyzCollectibles,bad-boyz-collectibles,,registrant|sponsor|page
Batter Up Breaks,,batter-up-breaks,,sponsor|page
Benchmark Card Co.,,benchmark-card-co,,sponsor|page
Brads Slabs,b_banasiak17,,YES,registrant
Bridgeport Hobby,bridgeporthobby,bridgeport-hobby,,registrant|page
CaptainCards,Captaincards,captaincards,,registrant|sponsor|page
Cards HQ,,,YES,sponsor
CBS SportsCards,,cbs-sportscards,,sponsor|page
Come Play Detroit,,,YES,sponsor
D&GSportzCardzLLC,d_gsportzcardz,,YES,registrant
D-Town Rips,,d-town-rips,,registrant|sponsor|page
Detroit Card House,detroitcardhouse,,YES,registrant|sponsor
Detroit Legends Sports,dcrsports_,detroit-legends-sports,,registrant|sponsor|page
Detroit.sportscards,,detroit-sportscards,,registrant|page
Diesel's Dugout,diesels.dugout.detroit,diesels-dugout,,registrant|sponsor|page
Ditto Twinz,,,YES,registrant
DJsportscards,Djsportscardsllc,djsportscards,,registrant|page
Dude Digz,Dudedigzcards,dude-digz,,registrant|sponsor|page
ExoticTCG,,exotictcg,,sponsor|page
Fat Katz,,fat-katz,,sponsor|page
Fire Rips,Fireripsbreaks,,YES,registrant
Fodder TCG,FodderTCG,foddertcg,,registrant|sponsor|page
GemMint.com,GemMintSubmissions,,YES,registrant
Grails Cards & Collectibles,radicaldducky,,YES,registrant
Halucha Hobbies,,halucha-hobbies,,sponsor|page
HarvboCards,HarvboCards,harvbocards,,registrant|sponsor|page
Holovaultco,,holovaultco,,registrant|page
jackpotsportscardz,jackpotsportscardz,,YES,registrant
Jeremy Sports Cards,jeremysportscard,,YES,registrant
JMC Sports,,jmc-sports,,sponsor|page
Kruk Cards,thekrukcards,,YES,registrant|sponsor
Krup Kards,,,YES,registrant
Locked In Cards,locked_in_cards,locked-in-cards,,registrant|sponsor|page
Logan the ripper,Logantheripper01,,YES,registrant
Los Amigos Cards and Collectables,marianorivera_26,,YES,registrant
LT Legacy Sports Cards,chknwffles,,YES,registrant
Mark z cards,,,YES,registrant
MeedoFc,MeedoFc,,YES,registrant
Metro by T-Mobile Authorized Retailer,,,YES,registrant
Miller's Sports Cards & Collectibles,,miller-s-sports-cards-collectibles,,sponsor|page
Mint Cards & Collectibles,,mint-cards-collectibles,,sponsor|page
MMD Cards,MMD_Cards,mmd-cards,,registrant|sponsor|page
Motor City Sports Cards,,motor-city-sports-cards,,sponsor|page
Muk Bang TCG,,muk-bang-tcg,,sponsor|page
Mxtro.Mitten,,mxtro-mitten,,registrant|page
One Team International Agency (OTIA),,one-team-international-agency-otia,,sponsor|page
Orange Cards,Orange__Cards,,YES,registrant
Pirate Hunter Deegs,deegstcg,,YES,registrant|sponsor
Pok_R_Us,Pok_R_Us,pok-r-us,,registrant|sponsor|page
PokeDeals With Jake,PokedealswithJake,pokedealswithjake,,registrant|sponsor|page
pokeplentytcg,pokeplentytcg,,YES,registrant
PokeTom's Cards,Poketom0094,poketom-s-cards,,registrant|page
RCX Sports,,,YES,sponsor
RIW Hobbies,,riw-hobbies,,sponsor|page
Rob's Pop Shop,robspopshop,rob-s-pop-shop,,registrant|sponsor|page
Salmo Bros Collectibles,salmobroscollectibles,salmo-bros-collectibles,,registrant|sponsor|page
Santiago Sports,,santiago-sports,,page
Sari Sari Tcg,sarisari.crew,,YES,registrant
Sbisser161 Sports Cards,Sbisser161sportscards,,YES,registrant|sponsor
Scotty B Sports Cards,,scotty-b-sports-cards,,sponsor|page
Sebok Cards,,sebok-cards,,registrant|sponsor|page
Secret lair collectibles,Secretlair_collectibles,secret-lair-collectibles,,registrant|sponsor|page
Showboat Breaks,Showboat13,,YES,registrant|sponsor
Silverback Sportscards,silverbacksportscards,,YES,registrant
Slabbed and Sold,,slabbed-and-sold,,sponsor|page
Snap City Collectibles,,snap-city-collectibles,,registrant|sponsor|page
Sport Card Locker HQ,Sportcardlockerhq,,YES,registrant|sponsor
Sports card one,Sports_card_one,sports-card-one,,registrant|page
SportsKid Podcast,,sportskid-podcast,,sponsor|page
Stockpile Collectibles,,,YES,registrant
Stoney Sports Vault,Stoneysportsvault,stoney-sports-vault,,registrant|sponsor|page
Suga Sports Cards,,suga-sports-cards,,sponsor|page
The Card Cave MI,thecardcavemi,the-card-cave-mi,,registrant|sponsor|page
The Kanto Emporium,,the-kanto-emporium,,sponsor|page
The Two Point Show,,,YES,sponsor
Thunder Vault Collectibles,,,YES,sponsor
TNT Cards,,tnt-cards,,sponsor|page
Turkish Breaks,,turkish-breaks,,sponsor|page
Victory Cards and Collectibles,victorycardsmi,,YES,registrant
Wolf Hearts Cards,,wolf-hearts-cards,,sponsor|page
Z's Sports House of Cards,ZshouseofcardZ,,YES,registrant|sponsor
