exhibitor_id,name,page_url,instagram,tags,location
1119271,11 Yard Line Collectors,https://razmania.com/exhibitors/11-yard-line-collectors,,,
1108495,614 Rips,https://razmania.com/exhibitors/614-rips,@614rips,Trades · Buying,"Columbus, Ohio"
1116983,ABC Vintage,https://razmania.com/exhibitors/abc-vintage,,Vintage,
1105601,Atomic TCG,https://razmania.com/exhibitors/atomic-tcg,,,
1118386,Backyard Cards MI,https://razmania.com/exhibitors/backyard-cards-mi,@backyardcardsmi,Sports cards · Buying,"Detroit, MI"
1116903,Bad Boyz Collectibles,https://razmania.com/exhibitors/bad-boyz-collectibles,@badboyzcollectibles,,
1117608,Batter Up Breaks,https://razmania.com/exhibitors/batter-up-breaks,,Live breaks,
1115920,Benchmark Card Co.,https://razmania.com/exhibitors/benchmark-card-co,,,
1115917,CaptainCards,https://razmania.com/exhibitors/captaincards,@captaincards,,
1121824,Cards HQ,https://razmania.com/exhibitors/cards-hq,,,
1106212,CBS SportsCards,https://razmania.com/exhibitors/cbs-sportscards,,Sports cards,
1121725,Come Play Detroit,https://razmania.com/exhibitors/come-play-detroit,,,"Detroit, MI"
1118368,Detroit Card House,https://razmania.com/exhibitors/detroit-card-house,@detroitcardhouse,Trades · Buying,"Detroit, MI"
1112296,Detroit Legends Sports,https://razmania.com/exhibitors/detroit-legends-sports,@dcrsports_,Sports cards · Trades · Buying,"Detroit, MI"
1118461,Diesel's Dugout,https://razmania.com/exhibitors/diesel-s-dugout,@diesels.dugout.detroit,Sports cards · Trades · Buying,Michigan
1117906,D-Town Rips,https://razmania.com/exhibitors/d-town-rips,,,
1119250,Dude Digz,https://razmania.com/exhibitors/dude-digz,@dudedigzcards,Football · Basketball,Michigan
1116738,ExoticTCG,https://razmania.com/exhibitors/exotictcg,,,
1117474,Fat Katz,https://razmania.com/exhibitors/fat-katz,,,
1120380,Fodder TCG,https://razmania.com/exhibitors/fodder-tcg,@foddertcg,,Michigan
1122715,GemMint.com,https://razmania.com/exhibitors/gemmint-com,@gemmintsubmissions,Graded slabs · PSA slabs,
1117930,Halucha Hobbies,https://razmania.com/exhibitors/halucha-hobbies,,,
1117634,HarvboCards,https://razmania.com/exhibitors/harvbocards,@harvbocards,Graded slabs · PSA slabs,"Macomb Twp, MI"
1112486,JMC Sports,https://razmania.com/exhibitors/jmc-sports,,Sports cards,
1120621,Kruk Cards,https://razmania.com/exhibitors/kruk-cards,@thekrukcards,Buying,
1117961,Locked In Cards,https://razmania.com/exhibitors/locked-in-cards,@locked_in_cards,Pokémon · Trades · Buying,Michigan
1122667,LT Legacy Sports Cards,https://razmania.com/exhibitors/lt-legacy-sports-cards,,Sports cards,
1122367,Meedo FC Cards,https://razmania.com/exhibitors/meedo-fc-cards,@meedofc,Soccer · Buying,
1122576,Michigan Card Collective,https://razmania.com/exhibitors/michigan-card-collective,,,Michigan
1113173,Miller's Sports Cards & Collectibles,https://razmania.com/exhibitors/miller-s-sports-cards-collectibles,,Sports cards,
1106027,Mint Cards & Collectibles,https://razmania.com/exhibitors/mint-cards-collectibles,,,
1111257,MMD Cards,https://razmania.com/exhibitors/mmd-cards,@mmd_cards,Pokémon · One Piece,
1106034,Motor City Sports Cards,https://razmania.com/exhibitors/motor-city-sports-cards,,Sports cards,
1106223,Muk Bang TCG,https://razmania.com/exhibitors/muk-bang-tcg,,,
1105602,One Team International Agency (OTIA),https://razmania.com/exhibitors/one-team-international-agency-otia,,,
1120381,Pirate Hunter Deegs,https://razmania.com/exhibitors/pirate-hunter-deegs,@deegstcg,Pokémon · Sports cards · Trades,Michigan
1119607,PokeDeals With Jake,https://razmania.com/exhibitors/pokedeals-with-jake,@pokedealswithjake,Pokémon,
1122184,Pokey Collector,https://razmania.com/exhibitors/pokey-collector,,Pokémon,
1111173,Pok_R_Us,https://razmania.com/exhibitors/pok-r-us,@pok_r_us,Pokémon · Trades · Buying,
1122661,Profound Orthodontics,https://razmania.com/exhibitors/profound-orthodontics,,,
1120235,RCX Sports,https://razmania.com/exhibitors/rcx-sports,,Sports cards,
1117853,RIW Hobbies,https://razmania.com/exhibitors/riw-hobbies,,,
1110774,Rob's Pop Shop,https://razmania.com/exhibitors/rob-s-pop-shop,@robspopshop,Pokémon,
1112475,Salmo Bros Collectibles,https://razmania.com/exhibitors/salmo-bros-collectibles,@salmobroscollectibles,,
1122107,Sbisser161 Sports Cards,https://razmania.com/exhibitors/sbisser161-sports-cards,@sbisser161sportscards,Sports cards,
1105604,Scotty B Sports Cards,https://razmania.com/exhibitors/scotty-b-sports-cards,,Sports cards,
1105605,Sebok Cards,https://razmania.com/exhibitors/sebok-cards,,,
1117136,Secret Lair Collectibles,https://razmania.com/exhibitors/secret-lair-collectibles,@secretlair_collectibles,Trades · Buying,"Crestwood, IL"
1118359,Showboat Breaks,https://razmania.com/exhibitors/showboat-breaks,@showboat13,Live breaks,"Detroit, MI"
1115921,Slabbed and Sold,https://razmania.com/exhibitors/slabbed-and-sold,,,
1117676,Snap City Collectibles,https://razmania.com/exhibitors/snap-city-collectibles,,,
1121613,Sport Card Locker HQ,https://razmania.com/exhibitors/sport-card-locker-hq,@sportcardlockerhq,Sports cards,
1116155,SportsKid Podcast,https://razmania.com/exhibitors/sportskid-podcast,,Sports cards,
1106032,Stoney Sports Vault,https://razmania.com/exhibitors/stoney-sports-vault,@stoneysportsvault,Sports cards · Buying,
1109165,Suga Sports Cards,https://razmania.com/exhibitors/suga-sports-cards,,Sports cards,
1113773,The Card Cave MI,https://razmania.com/exhibitors/the-card-cave-mi,@thecardcavemi,Trades · Buying,"Shelby Twp, MI"
1116737,The Kanto Emporium,https://razmania.com/exhibitors/the-kanto-emporium,,,
1120412,The Two Point Show,https://razmania.com/exhibitors/the-two-point-show,,,
1117967,Thunder Vault Collectibles,https://razmania.com/exhibitors/thunder-vault-collectibles,,,
1116806,TNT Cards,https://razmania.com/exhibitors/tnt-cards,,,
1115922,Turkish Breaks,https://razmania.com/exhibitors/turkish-breaks,,Live breaks,
1106033,Wolf Hearts Cards,https://razmania.com/exhibitors/wolf-hearts-cards,,,
1122024,Z's Sports House of Cards,https://razmania.com/exhibitors/z-s-sports-house-of-cards,@zshouseofcardz,Sports cards · Trades · Buying,
